sunspot_month,sunspot_number
1750-01-01,122.2
1750-02-01,126.5
1750-03-01,148.7
1750-04-01,147.2
1750-05-01,150
1750-06-01,166.7
1750-07-01,142.3
1750-08-01,171.7
1750-09-01,152
1750-10-01,109.5
1750-11-01,105.5
1750-12-01,125.7
1751-01-01,116.7
1751-02-01,72.5
1751-03-01,75.5
1751-04-01,94
1751-05-01,101.2
1751-06-01,84.5
1751-07-01,110.5
1751-08-01,99.7
1751-09-01,39.2
1751-10-01,38.7
1751-11-01,47.5
1751-12-01,73.3
1752-01-01,58.3
1752-02-01,83.3
1752-03-01,118.3
1752-04-01,98.8
1752-05-01,99.5
1752-06-01,66
1752-07-01,130.7
1752-08-01,48.8
1752-09-01,45.2
1752-10-01,77.7
1752-11-01,62.7
1752-12-01,66.7
1753-01-01,73.3
1753-02-01,53.3
1753-03-01,76.2
1753-04-01,63.3
1753-05-01,60
1753-06-01,52.8
1753-07-01,36.7
1753-08-01,65
1753-09-01,46.7
1753-10-01,41.7
1753-11-01,33.3
1753-12-01,11.2
1754-01-01,0
1754-02-01,5
1754-03-01,2.8
1754-04-01,22.8
1754-05-01,34.5
1754-06-01,44.5
1754-07-01,31.3
1754-08-01,20.5
1754-09-01,13.7
1754-10-01,40.2
1754-11-01,22
1754-12-01,7
1755-01-01,17
1755-02-01,18.7
1755-03-01,11.3
1755-04-01,10.8
1755-05-01,0
1755-06-01,0
1755-07-01,14.3
1755-08-01,5.3
1755-09-01,29.7
1755-10-01,39.5
1755-11-01,11.3
1755-12-01,33.3
1756-01-01,20.8
1756-02-01,11.8
1756-03-01,9
1756-04-01,15.7
1756-05-01,20.8
1756-06-01,21.5
1756-07-01,6
1756-08-01,10.7
1756-09-01,19.7
1756-10-01,23.8
1756-11-01,28.3
1756-12-01,15.7
1757-01-01,23.5
1757-02-01,35.3
1757-03-01,43.7
1757-04-01,50
1757-05-01,63.5
1757-06-01,21.3
1757-07-01,41.7
1757-08-01,85.5
1757-09-01,66.2
1757-10-01,54.2
1757-11-01,107.8
1757-12-01,55.8
1758-01-01,62.7
1758-02-01,86.7
1758-03-01,81.7
1758-04-01,120.5
1758-05-01,77.3
1758-06-01,75
1758-07-01,73.3
1758-08-01,64.5
1758-09-01,104.2
1758-10-01,62.8
1758-11-01,71.7
1758-12-01,71.7
1759-01-01,80.5
1759-02-01,73.3
1759-03-01,78
1759-04-01,78.3
1759-05-01,81.7
1759-06-01,83.3
1759-07-01,85
1759-08-01,118.8
1759-09-01,128.7
1759-10-01,99.5
1759-11-01,77.2
1759-12-01,95
1760-01-01,112.2
1760-02-01,99.2
1760-03-01,124.5
1760-04-01,97.2
1760-05-01,120
1760-06-01,80.5
1760-07-01,110
1760-08-01,126
1760-09-01,102.2
1760-10-01,84.3
1760-11-01,99.5
1760-12-01,101.7
1761-01-01,116.7
1761-02-01,151.7
1761-03-01,134.5
1761-04-01,119.5
1761-05-01,178.7
1761-06-01,165.5
1761-07-01,156.8
1761-08-01,151.8
1761-09-01,167.8
1761-10-01,147.8
1761-11-01,149.5
1761-12-01,76.7
1762-01-01,73
1762-02-01,121.3
1762-03-01,76.2
1762-04-01,100.3
1762-05-01,66.5
1762-06-01,128.5
1762-07-01,56.3
1762-08-01,112.8
1762-09-01,114.2
1762-10-01,115.5
1762-11-01,129.7
1762-12-01,128.7
1763-01-01,94.2
1763-02-01,53.2
1763-03-01,57
1763-04-01,54.8
1763-05-01,54.5
1763-06-01,59.7
1763-07-01,90.3
1763-08-01,44.2
1763-09-01,113.5
1763-10-01,77.2
1763-11-01,101.5
1763-12-01,102.3
1764-01-01,99.5
1764-02-01,99.5
1764-03-01,67
1764-04-01,57.3
1764-05-01,73.8
1764-06-01,50
1764-07-01,50
1764-08-01,50
1764-09-01,47
1764-10-01,46.7
1764-11-01,43.3
1764-12-01,42.8
1765-01-01,40
1765-02-01,43.3
1765-03-01,41.7
1765-04-01,36.7
1765-05-01,33.7
1765-06-01,33.3
1765-07-01,45
1765-08-01,49.5
1765-09-01,26.7
1765-10-01,23.3
1765-11-01,23.3
1765-12-01,21.7
1766-01-01,20
1766-02-01,18.3
1766-03-01,61
1766-04-01,10
1766-05-01,44.7
1766-06-01,5
1766-07-01,5.5
1766-08-01,6.7
1766-09-01,7.2
1766-10-01,8.3
1766-11-01,9.5
1766-12-01,32
1767-01-01,45.7
1767-02-01,50
1767-03-01,71.7
1767-04-01,54.8
1767-05-01,49.7
1767-06-01,55.5
1767-07-01,36.5
1767-08-01,68
1767-09-01,71.2
1767-10-01,73.5
1767-11-01,91.2
1767-12-01,88.8
1768-01-01,89.2
1768-02-01,110.2
1768-03-01,77.2
1768-04-01,71.2
1768-05-01,129.5
1768-06-01,129
1768-07-01,87.7
1768-08-01,111.3
1768-09-01,124.7
1768-10-01,129.7
1768-11-01,151
1768-12-01,186.3
1769-01-01,123.2
1769-02-01,107
1769-03-01,107.2
1769-04-01,161.2
1769-05-01,122.7
1769-06-01,157.3
1769-07-01,197.7
1769-08-01,200.5
1769-09-01,248
1769-10-01,263.7
1769-11-01,246.8
1769-12-01,186.7
1770-01-01,173.3
1770-02-01,237.5
1770-03-01,133.5
1770-04-01,85
1770-05-01,116.8
1770-06-01,138.8
1770-07-01,183
1770-08-01,210.5
1770-09-01,174
1770-10-01,172.7
1770-11-01,220.3
1770-12-01,170.5
1771-01-01,60
1771-02-01,77
1771-03-01,77.8
1771-04-01,108.2
1771-05-01,254.5
1771-06-01,199.2
1771-07-01,112.8
1771-08-01,97.5
1771-09-01,169
1771-10-01,150
1771-11-01,166.2
1771-12-01,159.5
1772-01-01,168.2
1772-02-01,151.3
1772-03-01,51.8
1772-04-01,153.7
1772-05-01,63.3
1772-06-01,95
1772-07-01,128.8
1772-08-01,93.7
1772-09-01,84.2
1772-10-01,131
1772-11-01,102.2
1772-12-01,106.7
1773-01-01,91
1773-02-01,48.3
1773-03-01,85.3
1773-04-01,54.8
1773-05-01,68.5
1773-06-01,47.3
1773-07-01,46.2
1773-08-01,21.2
1773-09-01,48.8
1773-10-01,43.8
1773-11-01,68.2
1773-12-01,72
1774-01-01,78
1774-02-01,109
1774-03-01,92.8
1774-04-01,73
1774-05-01,85.5
1774-06-01,47.5
1774-07-01,29.2
1774-08-01,11
1774-09-01,13.2
1774-10-01,23.3
1774-11-01,29.5
1774-12-01,20.3
1775-01-01,7.3
1775-02-01,0
1775-03-01,19.3
1775-04-01,18.7
1775-05-01,6.5
1775-06-01,20.5
1775-07-01,1.7
1775-08-01,13.2
1775-09-01,5.3
1775-10-01,9.3
1775-11-01,25.2
1775-12-01,13.2
1776-01-01,36.2
1776-02-01,19.3
1776-03-01,10.5
1776-04-01,36.3
1776-05-01,18.7
1776-06-01,31.7
1776-07-01,1.7
1776-08-01,40.3
1776-09-01,26.7
1776-10-01,50
1776-11-01,58.3
1776-12-01,66.7
1777-01-01,75
1777-02-01,60.8
1777-03-01,65
1777-04-01,159.2
1777-05-01,133.8
1777-06-01,134.5
1777-07-01,158.3
1777-08-01,186.7
1777-09-01,193.7
1777-10-01,177.5
1777-11-01,243.3
1777-12-01,262.2
1778-01-01,295.5
1778-02-01,182.2
1778-03-01,223.3
1778-04-01,241.7
1778-05-01,398.2
1778-06-01,286
1778-07-01,255
1778-08-01,233.3
1778-09-01,286.2
1778-10-01,260.5
1778-11-01,250.5
1778-12-01,175
1779-01-01,191.2
1779-02-01,276.2
1779-03-01,196.7
1779-04-01,241.7
1779-05-01,233.3
1779-06-01,189.5
1779-07-01,238.3
1779-08-01,186.7
1779-09-01,185
1779-10-01,206.7
1779-11-01,190
1779-12-01,183.3
1780-01-01,116.7
1780-02-01,163.3
1780-03-01,163.3
1780-04-01,158.3
1780-05-01,178.7
1780-06-01,146.7
1780-07-01,143.3
1780-08-01,143.3
1780-09-01,156.2
1780-10-01,128.3
1780-11-01,100
1780-12-01,97.8
1781-01-01,164.5
1781-02-01,124.5
1781-03-01,88.3
1781-04-01,113.8
1781-05-01,174.5
1781-06-01,162.8
1781-07-01,122.5
1781-08-01,110
1781-09-01,85
1781-10-01,45.5
1781-11-01,111.7
1781-12-01,58.7
1782-01-01,90
1782-02-01,62.5
1782-03-01,61.7
1782-04-01,68.3
1782-05-01,90.5
1782-06-01,63.3
1782-07-01,61.7
1782-08-01,73.3
1782-09-01,56.7
1782-10-01,38.7
1782-11-01,52.5
1782-12-01,50
1783-01-01,46.7
1783-02-01,64.5
1783-03-01,44.5
1783-04-01,47.2
1783-05-01,38.3
1783-06-01,42
1783-07-01,53.7
1783-08-01,33.3
1783-09-01,30
1783-10-01,13.3
1783-11-01,25
1783-12-01,17.5
1784-01-01,21.7
1784-02-01,13.3
1784-03-01,18.3
1784-04-01,16.7
1784-05-01,10
1784-06-01,15
1784-07-01,10
1784-08-01,16.7
1784-09-01,16.7
1784-10-01,13.3
1784-11-01,28.3
1784-12-01,23.3
1785-01-01,10.8
1785-02-01,13.3
1785-03-01,15
1785-04-01,26.2
1785-05-01,34.5
1785-06-01,43.8
1785-07-01,60.5
1785-08-01,33.3
1785-09-01,53.3
1785-10-01,78.7
1785-11-01,67
1785-12-01,45.5
1786-01-01,62
1786-02-01,79.3
1786-03-01,79.5
1786-04-01,142.3
1786-05-01,153.8
1786-06-01,98.3
1786-07-01,138.3
1786-08-01,149.5
1786-09-01,185.8
1786-10-01,187.2
1786-11-01,193.3
1786-12-01,187.8
1787-01-01,224.5
1787-02-01,176.7
1787-03-01,145.7
1787-04-01,212
1787-05-01,224.7
1787-06-01,165.3
1787-07-01,213.3
1787-08-01,228.7
1787-09-01,262.2
1787-10-01,261.7
1787-11-01,235.8
1787-12-01,290
1788-01-01,230
1788-02-01,215.3
1788-03-01,238.8
1788-04-01,180.8
1788-05-01,188.3
1788-06-01,257
1788-07-01,235.8
1788-08-01,226.7
1788-09-01,235
1788-10-01,236.7
1788-11-01,157.8
1788-12-01,215.8
1789-01-01,190
1789-02-01,208.8
1789-03-01,200
1789-04-01,205.5
1789-05-01,205.8
1789-06-01,200
1789-07-01,195
1789-08-01,171.7
1789-09-01,186.7
1789-10-01,149.5
1789-11-01,223.3
1789-12-01,225.8
1790-01-01,171.7
1790-02-01,212.5
1790-03-01,160.5
1790-04-01,156.7
1790-05-01,155
1790-06-01,151.7
1790-07-01,115.5
1790-08-01,145
1790-09-01,128.8
1790-10-01,140.5
1790-11-01,136.7
1790-12-01,123.3
1791-01-01,121.2
1791-02-01,103.3
1791-03-01,123.3
1791-04-01,128.7
1791-05-01,122.8
1791-06-01,107
1791-07-01,118.3
1791-08-01,71.7
1791-09-01,110.8
1791-10-01,102.8
1791-11-01,111.7
1791-12-01,110
1792-01-01,96.7
1792-02-01,106.7
1792-03-01,105
1792-04-01,126.2
1792-05-01,103.3
1792-06-01,101.7
1792-07-01,76.3
1792-08-01,100
1792-09-01,98.3
1792-10-01,98.3
1792-11-01,95
1792-12-01,93.3
1793-01-01,93.3
1793-02-01,91.7
1793-03-01,92.5
1793-04-01,88.3
1793-05-01,87.2
1793-06-01,85
1793-07-01,83.3
1793-08-01,48.8
1793-09-01,40
1793-10-01,78.3
1793-11-01,73.3
1793-12-01,76.2
1794-01-01,75
1794-02-01,73.3
1794-03-01,63.3
1794-04-01,47.3
1794-05-01,92.8
1794-06-01,69.2
1794-07-01,68.3
1794-08-01,66.7
1794-09-01,18.5
1794-10-01,47.5
1794-11-01,112.3
1794-12-01,85.7
1795-01-01,35.7
1795-02-01,66.5
1795-03-01,21
1795-04-01,31
1795-05-01,51.7
1795-06-01,28.5
1795-07-01,21.5
1795-08-01,42.8
1795-09-01,22.5
1795-10-01,32.5
1795-11-01,41.7
1795-12-01,30
1796-01-01,36.7
1796-02-01,39.7
1796-03-01,26.2
1796-04-01,52.8
1796-05-01,35
1796-06-01,11.2
1796-07-01,44.8
1796-08-01,2.5
1796-09-01,30.7
1796-10-01,18.3
1796-11-01,14
1796-12-01,8.5
1797-01-01,24
1797-02-01,7
1797-03-01,6.7
1797-04-01,6.7
1797-05-01,12.2
1797-06-01,18.5
1797-07-01,7.2
1797-08-01,10
1797-09-01,9.5
1797-10-01,11.5
1797-11-01,9.7
1797-12-01,5
1798-01-01,3.3
1798-02-01,6.7
1798-03-01,20.7
1798-04-01,1.8
1798-05-01,0
1798-06-01,0
1798-07-01,0
1798-08-01,5
1798-09-01,4
1798-10-01,2.5
1798-11-01,20.8
1798-12-01,16.5
1799-01-01,2.7
1799-02-01,21
1799-03-01,36.2
1799-04-01,14
1799-05-01,13.7
1799-06-01,17.7
1799-07-01,3.5
1799-08-01,0
1799-09-01,0
1799-10-01,7.7
1799-11-01,4.5
1799-12-01,14.3
1800-01-01,11.5
1800-02-01,15.5
1800-03-01,23.2
1800-04-01,0
1800-05-01,8.3
1800-06-01,39.5
1800-07-01,35
1800-08-01,32.5
1800-09-01,19.2
1800-10-01,20.5
1800-11-01,17.5
1800-12-01,66.8
1801-01-01,45
1801-02-01,48.3
1801-03-01,50
1801-04-01,51.7
1801-05-01,53.3
1801-06-01,52
1801-07-01,58.3
1801-08-01,64.5
1801-09-01,55.8
1801-10-01,54.3
1801-11-01,66.3
1801-12-01,80.3
1802-01-01,79.7
1802-02-01,78.3
1802-03-01,68
1802-04-01,70
1802-05-01,73.3
1802-06-01,76.7
1802-07-01,80
1802-08-01,83.3
1802-09-01,86.3
1802-10-01,64.2
1802-11-01,57.5
1802-12-01,83.3
1803-01-01,83.3
1803-02-01,84.7
1803-03-01,49.2
1803-04-01,41.7
1803-05-01,73.8
1803-06-01,60
1803-07-01,80.5
1803-08-01,56.8
1803-09-01,75.5
1803-10-01,90.5
1803-11-01,85
1803-12-01,80
1804-01-01,75.5
1804-02-01,80.5
1804-03-01,80
1804-04-01,84.3
1804-05-01,55.7
1804-06-01,58
1804-07-01,49.7
1804-08-01,71.8
1804-09-01,88.3
1804-10-01,103.8
1804-11-01,101.7
1804-12-01,100
1805-01-01,101.7
1805-02-01,73.5
1805-03-01,85.7
1805-04-01,62.5
1805-05-01,65
1805-06-01,67.5
1805-07-01,62.7
1805-08-01,71.2
1805-09-01,74
1805-10-01,49
1805-11-01,68.3
1805-12-01,63.8
1806-01-01,65
1806-02-01,49.3
1806-03-01,54.5
1806-04-01,46.2
1806-05-01,44
1806-06-01,42.7
1806-07-01,50
1806-08-01,43.8
1806-09-01,40
1806-10-01,45
1806-11-01,41.7
1806-12-01,40
1807-01-01,20
1807-02-01,20.3
1807-03-01,16
1807-04-01,39.7
1807-05-01,16.7
1807-06-01,20
1807-07-01,21.2
1807-08-01,20
1807-09-01,9.5
1807-10-01,13.3
1807-11-01,4.3
1807-12-01,0
1808-01-01,0
1808-02-01,7.5
1808-03-01,0
1808-04-01,20.5
1808-05-01,22.5
1808-06-01,22.5
1808-07-01,11.2
1808-08-01,13.3
1808-09-01,19.5
1808-10-01,7.8
1808-11-01,17.5
1808-12-01,20.5
1809-01-01,12
1809-02-01,15.3
1809-03-01,1.5
1809-04-01,4.2
1809-05-01,3.3
1809-06-01,12.8
1809-07-01,0.5
1809-08-01,0.3
1809-09-01,0.7
1809-10-01,0
1809-11-01,0
1809-12-01,0
1810-01-01,0
1810-02-01,0
1810-03-01,0
1810-04-01,0
1810-05-01,0
1810-06-01,0
1810-07-01,0
1810-08-01,0
1810-09-01,0
1810-10-01,0
1810-11-01,0
1810-12-01,0
1811-01-01,0
1811-02-01,0
1811-03-01,0
1811-04-01,0
1811-05-01,0
1811-06-01,0
1811-07-01,11
1811-08-01,0
1811-09-01,4
1811-10-01,10.2
1811-11-01,1.3
1811-12-01,1.8
1812-01-01,18.8
1812-02-01,3.2
1812-03-01,1.2
1812-04-01,0
1812-05-01,1.7
1812-06-01,2.2
1812-07-01,0.8
1812-08-01,26
1812-09-01,8.7
1812-10-01,6.5
1812-11-01,13.2
1812-12-01,16.8
1813-01-01,0
1813-02-01,17.2
1813-03-01,3.2
1813-04-01,27.7
1813-05-01,9.2
1813-06-01,18.7
1813-07-01,30.5
1813-08-01,14
1813-09-01,25.5
1813-10-01,46.3
1813-11-01,27.8
1813-12-01,23.8
1814-01-01,37
1814-02-01,20
1814-03-01,9.5
1814-04-01,39.7
1814-05-01,9.7
1814-06-01,24.8
1814-07-01,30.8
1814-08-01,3.8
1814-09-01,13.5
1814-10-01,32.2
1814-11-01,24.2
1814-12-01,33.5
1815-01-01,32
1815-02-01,53.7
1815-03-01,43.7
1815-04-01,52.7
1815-05-01,16.3
1815-06-01,93.2
1815-07-01,59.2
1815-08-01,78.7
1815-09-01,52.5
1815-10-01,55.8
1815-11-01,62
1815-12-01,108.3
1816-01-01,43.8
1816-02-01,114.7
1816-03-01,122.8
1816-04-01,98
1816-05-01,73.8
1816-06-01,72.7
1816-07-01,64.7
1816-08-01,38.7
1816-09-01,79.7
1816-10-01,94
1816-11-01,63.5
1816-12-01,49.8
1817-01-01,60.7
1817-02-01,96.5
1817-03-01,160.3
1817-04-01,44
1817-05-01,35.3
1817-06-01,66.7
1817-07-01,83.3
1817-08-01,75
1817-09-01,61.2
1817-10-01,42.7
1817-11-01,48.2
1817-12-01,47.3
1818-01-01,58.1
1818-02-01,37.4
1818-03-01,42.4
1818-04-01,57.5
1818-05-01,88.5
1818-06-01,60.8
1818-07-01,46.8
1818-08-01,52.6
1818-09-01,43.4
1818-10-01,52.8
1818-11-01,18.3
1818-12-01,43
1819-01-01,54.7
1819-02-01,34.6
1819-03-01,6.3
1819-04-01,33.7
1819-05-01,32.6
1819-06-01,58.3
1819-07-01,52.5
1819-08-01,43.5
1819-09-01,24.8
1819-10-01,45.9
1819-11-01,41.8
1819-12-01,50.9
1820-01-01,32
1820-02-01,44.4
1820-03-01,7.5
1820-04-01,32.3
1820-05-01,48.9
1820-06-01,17.9
1820-07-01,34.1
1820-08-01,43.1
1820-09-01,8.6
1820-10-01,14.9
1820-11-01,13.2
1820-12-01,15.1
1821-01-01,36
1821-02-01,7
1821-03-01,9.5
1821-04-01,15.2
1821-05-01,2.8
1821-06-01,3
1821-07-01,4.3
1821-08-01,8
1821-09-01,7.3
1821-10-01,31.4
1821-11-01,7.3
1821-12-01,0.4
1822-01-01,0
1822-02-01,1.5
1822-03-01,26.9
1822-04-01,21.7
1822-05-01,2.4
1822-06-01,9.3
1822-07-01,13.2
1822-08-01,3.4
1822-09-01,0
1822-10-01,0.6
1822-11-01,0
1822-12-01,0
1823-01-01,0
1823-02-01,0
1823-03-01,1
1823-04-01,0
1823-05-01,0
1823-06-01,0
1823-07-01,0.8
1823-08-01,0
1823-09-01,0
1823-10-01,0
1823-11-01,0
1823-12-01,34
1824-01-01,36
1824-02-01,18
1824-03-01,0
1824-04-01,32.3
1824-05-01,4.6
1824-06-01,0
1824-07-01,0
1824-08-01,2.3
1824-09-01,34.3
1824-10-01,42
1824-11-01,0
1824-12-01,1.4
1825-01-01,8.4
1825-02-01,25.9
1825-03-01,37.4
1825-04-01,6.2
1825-05-01,25.8
1825-06-01,25.6
1825-07-01,51.5
1825-08-01,42.8
1825-09-01,26.2
1825-10-01,26
1825-11-01,19.6
1825-12-01,36.7
1826-01-01,29.4
1826-02-01,30.2
1826-03-01,61.3
1826-04-01,40
1826-05-01,53.9
1826-06-01,61.7
1826-07-01,87.5
1826-08-01,66
1826-09-01,31.6
1826-10-01,84.4
1826-11-01,65.8
1826-12-01,113.6
1827-01-01,57.7
1827-02-01,79
1827-03-01,96.3
1827-04-01,76.7
1827-05-01,93.8
1827-06-01,94.4
1827-07-01,70.4
1827-08-01,89.4
1827-09-01,82.6
1827-10-01,93.5
1827-11-01,80.4
1827-12-01,76.8
1828-01-01,88
1828-02-01,107.3
1828-03-01,108.5
1828-04-01,101.9
1828-05-01,148.6
1828-06-01,163.4
1828-07-01,90.4
1828-08-01,127.3
1828-09-01,83.9
1828-10-01,91.1
1828-11-01,95
1828-12-01,78.1
1829-01-01,71.6
1829-02-01,82.3
1829-03-01,120.6
1829-04-01,158.4
1829-05-01,112.3
1829-06-01,123.2
1829-07-01,151.5
1829-08-01,129.3
1829-09-01,88
1829-10-01,95.3
1829-11-01,112.7
1829-12-01,94.1
1830-01-01,87
1830-02-01,120.1
1830-03-01,141
1830-04-01,177.3
1830-05-01,110.5
1830-06-01,108.4
1830-07-01,73.2
1830-08-01,84.6
1830-09-01,103.4
1830-10-01,140.6
1830-11-01,135.4
1830-12-01,136.8
1831-01-01,79
1831-02-01,83.6
1831-03-01,155.8
1831-04-01,90.9
1831-05-01,63.4
1831-06-01,55.6
1831-07-01,75.4
1831-08-01,91.6
1831-09-01,63.2
1831-10-01,77.1
1831-11-01,72.5
1831-12-01,48.3
1832-01-01,51.5
1832-02-01,92.6
1832-03-01,91.9
1832-04-01,44.8
1832-05-01,68.9
1832-06-01,44.5
1832-07-01,23.3
1832-08-01,14.8
1832-09-01,13.7
1832-10-01,35.2
1832-11-01,23.8
1832-12-01,45.8
1833-01-01,18.7
1833-02-01,24.9
1833-03-01,19.6
1833-04-01,4.6
1833-05-01,21.5
1833-06-01,1.7
1833-07-01,11.6
1833-08-01,9.5
1833-09-01,19.3
1833-10-01,12.5
1833-11-01,9.8
1833-12-01,16.6
1834-01-01,8.2
1834-02-01,30.1
1834-03-01,6.5
1834-04-01,2.4
1834-05-01,14.8
1834-06-01,13.1
1834-07-01,14.4
1834-08-01,6.6
1834-09-01,19.2
1834-10-01,41.3
1834-11-01,50.9
1834-12-01,57.5
1835-01-01,12.4
1835-02-01,40.7
1835-03-01,32.7
1835-04-01,102.4
1835-05-01,72.6
1835-06-01,55.2
1835-07-01,99.6
1835-08-01,98.5
1835-09-01,168
1835-10-01,158.6
1835-11-01,166.7
1835-12-01,129.3
1836-01-01,147.6
1836-02-01,179.4
1836-03-01,163.7
1836-04-01,238
1836-05-01,185.7
1836-06-01,207.9
1836-07-01,194.6
1836-08-01,179.6
1836-09-01,158.5
1836-10-01,228.9
1836-11-01,201.5
1836-12-01,343.8
1837-01-01,313.4
1837-02-01,292.6
1837-03-01,224.3
1837-04-01,230.3
1837-05-01,186.1
1837-06-01,263.4
1837-07-01,271.2
1837-08-01,223.5
1837-09-01,160.4
1837-10-01,206.2
1837-11-01,178.4
1837-12-01,216.1
1838-01-01,241.5
1838-02-01,141.3
1838-03-01,234.5
1838-04-01,211.1
1838-05-01,229.4
1838-06-01,157.6
1838-07-01,180.4
1838-08-01,131.3
1838-09-01,122.7
1838-10-01,151.5
1838-11-01,129.2
1838-12-01,132.9
1839-01-01,175.9
1839-02-01,170.8
1839-03-01,129.5
1839-04-01,102.9
1839-05-01,89.6
1839-06-01,91.2
1839-07-01,141.3
1839-08-01,218.8
1839-09-01,221.1
1839-10-01,151.5
1839-11-01,114.7
1839-12-01,106.2
1840-01-01,135.4
1840-02-01,146.1
1840-03-01,112.9
1840-04-01,109.8
1840-05-01,115.4
1840-06-01,80.9
1840-07-01,101
1840-08-01,96.4
1840-09-01,123.3
1840-10-01,91.7
1840-11-01,90.4
1840-12-01,89.5
1841-01-01,40.1
1841-02-01,49.9
1841-03-01,49.6
1841-04-01,66.9
1841-05-01,112.4
1841-06-01,92.8
1841-07-01,51.4
1841-08-01,65.4
1841-09-01,60.9
1841-10-01,47.4
1841-11-01,32.9
1841-12-01,64.8
1842-01-01,34
1842-02-01,36.8
1842-03-01,36.2
1842-04-01,44.9
1842-05-01,41.4
1842-06-01,34.2
1842-07-01,21
1842-08-01,44.4
1842-09-01,30.6
1842-10-01,63.5
1842-11-01,67.5
1842-12-01,29.3
1843-01-01,22.2
1843-02-01,5.9
1843-03-01,13.9
1843-04-01,15.8
1843-05-01,35.1
1843-06-01,17.6
1843-07-01,15.9
1843-08-01,19.6
1843-09-01,6.9
1843-10-01,8.9
1843-11-01,31.7
1843-12-01,21.2
1844-01-01,15.7
1844-02-01,24.5
1844-03-01,22.5
1844-04-01,34.6
1844-05-01,19.2
1844-06-01,6.2
1844-07-01,35.2
1844-08-01,39.7
1844-09-01,11.6
1844-10-01,35.9
1844-11-01,17.9
1844-12-01,36
1845-01-01,42.8
1845-02-01,72.8
1845-03-01,72.1
1845-04-01,95
1845-05-01,79.7
1845-06-01,51.8
1845-07-01,51
1845-08-01,53.9
1845-09-01,49.3
1845-10-01,67.8
1845-11-01,65.7
1845-12-01,99.5
1846-01-01,64.6
1846-02-01,84.9
1846-03-01,106.5
1846-04-01,115.5
1846-05-01,99.9
1846-06-01,108.4
1846-07-01,77.5
1846-08-01,91.3
1846-09-01,178.6
1846-10-01,93.4
1846-11-01,100.6
1846-12-01,109.1
1847-01-01,104.4
1847-02-01,74.9
1847-03-01,143
1847-04-01,74.6
1847-05-01,125.7
1847-06-01,142.2
1847-07-01,87.1
1847-08-01,234.3
1847-09-01,268.2
1847-10-01,300.6
1847-11-01,231.5
1847-12-01,182.6
1848-01-01,265.2
1848-02-01,186.4
1848-03-01,181.2
1848-04-01,178.6
1848-05-01,170.5
1848-06-01,214.9
1848-07-01,232
1848-08-01,220.9
1848-09-01,167.3
1848-10-01,220.6
1848-11-01,191
1848-12-01,265.8
1849-01-01,298.3
1849-02-01,250.3
1849-03-01,182.7
1849-04-01,194.7
1849-05-01,153.2
1849-06-01,154.2
1849-07-01,148.2
1849-08-01,128.6
1849-09-01,178
1849-10-01,135.7
1849-11-01,188.2
1849-12-01,184.3
1850-01-01,148.2
1850-02-01,169.8
1850-03-01,156.8
1850-04-01,83.8
1850-05-01,117
1850-06-01,133
1850-07-01,74.3
1850-08-01,117
1850-09-01,163.7
1850-10-01,134.9
1850-11-01,104.1
1850-12-01,115.9
1851-01-01,143.5
1851-02-01,200.1
1851-03-01,122.8
1851-04-01,107.3
1851-05-01,118.9
1851-06-01,120
1851-07-01,68.6
1851-08-01,109
1851-09-01,128.9
1851-10-01,118.7
1851-11-01,96.8
1851-12-01,135.5
1852-01-01,129.9
1852-02-01,126.2
1852-03-01,116.2
1852-04-01,124.3
1852-05-01,104.3
1852-06-01,89
1852-07-01,80
1852-08-01,75.3
1852-09-01,71.2
1852-10-01,127.9
1852-11-01,103.1
1852-12-01,86.1
1853-01-01,77.9
1853-02-01,81.5
1853-03-01,71.6
1853-04-01,90.4
1853-05-01,65.9
1853-06-01,76
1853-07-01,87.2
1853-08-01,95.8
1853-09-01,63.7
1853-10-01,80.5
1853-11-01,54.7
1853-12-01,44.5
1854-01-01,29.3
1854-02-01,38
1854-03-01,39.4
1854-04-01,50.3
1854-05-01,45.6
1854-06-01,40.1
1854-07-01,35.5
1854-08-01,30.1
1854-09-01,42.6
1854-10-01,24.1
1854-11-01,53.5
1854-12-01,41.1
1855-01-01,23.4
1855-02-01,21.6
1855-03-01,33
1855-04-01,8.4
1855-05-01,17.3
1855-06-01,10
1855-07-01,0.7
1855-08-01,5.9
1855-09-01,0
1855-10-01,18.3
1855-11-01,7.9
1855-12-01,5.8
1856-01-01,1
1856-02-01,9.3
1856-03-01,0.7
1856-04-01,12.4
1856-05-01,0
1856-06-01,9.8
1856-07-01,8.8
1856-08-01,11.3
1856-09-01,8.4
1856-10-01,8.5
1856-11-01,14.7
1856-12-01,13.7
1857-01-01,26
1857-02-01,14.2
1857-03-01,10
1857-04-01,21.1
1857-05-01,54.2
1857-06-01,30.5
1857-07-01,42.2
1857-08-01,32
1857-09-01,80.6
1857-10-01,77.1
1857-11-01,59.6
1857-12-01,70.7
1858-01-01,74.2
1858-02-01,66.3
1858-03-01,109.2
1858-04-01,72.8
1858-05-01,78.6
1858-06-01,84.5
1858-07-01,107.7
1858-08-01,104.9
1858-09-01,152.2
1858-10-01,173.2
1858-11-01,98.6
1858-12-01,127
1859-01-01,159
1859-02-01,166.4
1859-03-01,171.5
1859-04-01,162.9
1859-05-01,172.8
1859-06-01,165.2
1859-07-01,180.7
1859-08-01,203
1859-09-01,200.9
1859-10-01,217.8
1859-11-01,184.6
1859-12-01,153.9
1860-01-01,156.6
1860-02-01,167.9
1860-03-01,188
1860-04-01,135.7
1860-05-01,203.5
1860-06-01,206.3
1860-07-01,221.9
1860-08-01,190.5
1860-09-01,175.2
1860-10-01,171.1
1860-11-01,186
1860-12-01,181.7
1861-01-01,118.5
1861-02-01,147.5
1861-03-01,192
1861-04-01,187.1
1861-05-01,107.8
1861-06-01,167.5
1861-07-01,148.2
1861-08-01,156.7
1861-09-01,151.9
1861-10-01,127.7
1861-11-01,102
1861-12-01,152.8
1862-01-01,119.9
1862-02-01,122.4
1862-03-01,82.7
1862-04-01,102.1
1862-05-01,122.4
1862-06-01,159.7
1862-07-01,139.5
1862-08-01,118.7
1862-09-01,126.4
1862-10-01,79.8
1862-11-01,96
1862-12-01,77.6
1863-01-01,91.8
1863-02-01,107.7
1863-03-01,126
1863-04-01,77.1
1863-05-01,102.1
1863-06-01,77.6
1863-07-01,62
1863-08-01,91.3
1863-09-01,41.7
1863-10-01,75.7
1863-11-01,71.6
1863-12-01,78.1
1864-01-01,109.7
1864-02-01,89.5
1864-03-01,125.9
1864-04-01,68.1
1864-05-01,77.1
1864-06-01,109.9
1864-07-01,103.8
1864-08-01,104.1
1864-09-01,54.2
1864-10-01,64.4
1864-11-01,109.3
1864-12-01,54.3
1865-01-01,92.5
1865-02-01,74.6
1865-03-01,75
1865-04-01,55.9
1865-05-01,65.6
1865-06-01,63.8
1865-07-01,50.8
1865-08-01,71.8
1865-09-01,41
1865-10-01,32.5
1865-11-01,46.7
1865-12-01,24.3
1866-01-01,60
1866-02-01,72.9
1866-03-01,46.6
1866-04-01,33.5
1866-05-01,24.6
1866-06-01,31.4
1866-07-01,17.6
1866-08-01,24.2
1866-09-01,13.9
1866-10-01,26.8
1866-11-01,17.2
1866-12-01,2.9
1867-01-01,0
1867-02-01,1.4
1867-03-01,17.4
1867-04-01,9.7
1867-05-01,5.5
1867-06-01,2.8
1867-07-01,9.5
1867-08-01,9.1
1867-09-01,18.7
1867-10-01,25.5
1867-11-01,18.1
1867-12-01,47.9
1868-01-01,25.9
1868-02-01,26.3
1868-03-01,44
1868-04-01,61.1
1868-05-01,44.5
1868-06-01,51.8
1868-07-01,48.3
1868-08-01,57.3
1868-09-01,78.7
1868-10-01,102.8
1868-11-01,98.7
1868-12-01,112.8
1869-01-01,101.6
1869-02-01,99.9
1869-03-01,88
1869-04-01,68.4
1869-05-01,173.4
1869-06-01,180.7
1869-07-01,98.8
1869-08-01,132.7
1869-09-01,134.5
1869-10-01,99
1869-11-01,130.2
1869-12-01,174.1
1870-01-01,129
1870-02-01,191.7
1870-03-01,262.7
1870-04-01,266.9
1870-05-01,293.6
1870-06-01,226.3
1870-07-01,220.9
1870-08-01,256.5
1870-09-01,226.8
1870-10-01,244.3
1870-11-01,246
1870-12-01,216.7
1871-01-01,147.2
1871-02-01,209
1871-03-01,238.7
1871-04-01,270.9
1871-05-01,242.6
1871-06-01,152.9
1871-07-01,171.8
1871-08-01,183.7
1871-09-01,133.9
1871-10-01,148.5
1871-11-01,175.7
1871-12-01,150.8
1872-01-01,132.7
1872-02-01,200.3
1872-03-01,147.5
1872-04-01,170.4
1872-05-01,179.5
1872-06-01,183.3
1872-07-01,176
1872-08-01,155
1872-09-01,191.1
1872-10-01,171.2
1872-11-01,186.8
1872-12-01,139.9
1873-01-01,144.6
1873-02-01,178.4
1873-03-01,164
1873-04-01,127.1
1873-05-01,80
1873-06-01,74.8
1873-07-01,111.7
1873-08-01,113.8
1873-09-01,78.7
1873-10-01,78.6
1873-11-01,92.5
1873-12-01,82
1874-01-01,101.4
1874-02-01,107.1
1874-03-01,77.5
1874-04-01,53.5
1874-05-01,74.6
1874-06-01,63.8
1874-07-01,113.2
1874-08-01,102.3
1874-09-01,46.8
1874-10-01,57.4
1874-11-01,48.2
1874-12-01,48.8
1875-01-01,24.4
1875-02-01,35.9
1875-03-01,56.4
1875-04-01,48.6
1875-05-01,19.2
1875-06-01,39.9
1875-07-01,20.9
1875-08-01,24.4
1875-09-01,4
1875-10-01,21.3
1875-11-01,29.6
1875-12-01,16.5
1876-01-01,23.9
1876-02-01,25.1
1876-03-01,51.1
1876-04-01,3.9
1876-05-01,8.5
1876-06-01,2.7
1876-07-01,25.5
1876-08-01,14.8
1876-09-01,16.6
1876-10-01,23.9
1876-11-01,16.6
1876-12-01,13.6
1877-01-01,40.6
1877-02-01,14.5
1877-03-01,19.9
1877-04-01,26.3
1877-05-01,36.1
1877-06-01,23.6
1877-07-01,10
1877-08-01,10.5
1877-09-01,28.1
1877-10-01,11.2
1877-11-01,23.6
1877-12-01,3.5
1878-01-01,5.5
1878-02-01,11
1878-03-01,13.1
1878-04-01,0.2
1878-05-01,9.9
1878-06-01,10.7
1878-07-01,0.2
1878-08-01,0
1878-09-01,8.8
1878-10-01,1.9
1878-11-01,6.8
1878-12-01,0.9
1879-01-01,1.6
1879-02-01,0.9
1879-03-01,0
1879-04-01,10.4
1879-05-01,4
1879-06-01,8
1879-07-01,12.6
1879-08-01,17.9
1879-09-01,10.1
1879-10-01,20.4
1879-11-01,21.9
1879-12-01,12.2
1880-01-01,40.1
1880-02-01,45.4
1880-03-01,32.1
1880-04-01,32.4
1880-05-01,39.1
1880-06-01,56.9
1880-07-01,36.5
1880-08-01,80.3
1880-09-01,110.1
1880-10-01,71.7
1880-11-01,51.1
1880-12-01,49.4
1881-01-01,60.6
1881-02-01,88.6
1881-03-01,85.8
1881-04-01,86.1
1881-05-01,72.5
1881-06-01,100.8
1881-07-01,128.2
1881-08-01,97.3
1881-09-01,88.6
1881-10-01,107.3
1881-11-01,91.5
1881-12-01,78.8
1882-01-01,75
1882-02-01,115.9
1882-03-01,111.5
1882-04-01,159.6
1882-05-01,106.9
1882-06-01,75.4
1882-07-01,75.7
1882-08-01,67.5
1882-09-01,96.1
1882-10-01,98.6
1882-11-01,140.6
1882-12-01,69.7
1883-01-01,101
1883-02-01,78.2
1883-03-01,71.3
1883-04-01,136.8
1883-05-01,52.5
1883-06-01,127.2
1883-07-01,134.4
1883-08-01,76.6
1883-09-01,87.8
1883-10-01,139.6
1883-11-01,140.8
1883-12-01,126.5
1884-01-01,152.6
1884-02-01,144.8
1884-03-01,145.8
1884-04-01,126.9
1884-05-01,110.9
1884-06-01,85.3
1884-07-01,88.5
1884-08-01,93.1
1884-09-01,103.1
1884-10-01,79.6
1884-11-01,60.9
1884-12-01,78.6
1885-01-01,71.4
1885-02-01,119.7
1885-03-01,82.9
1885-04-01,91.7
1885-05-01,121.6
1885-06-01,139.5
1885-07-01,110.9
1885-08-01,83.5
1885-09-01,66
1885-10-01,64.5
1885-11-01,51.6
1885-12-01,36.3
1886-01-01,49.8
1886-02-01,43.2
1886-03-01,95.5
1886-04-01,72.9
1886-05-01,51.2
1886-06-01,45.3
1886-07-01,50.4
1886-08-01,28.1
1886-09-01,35.7
1886-10-01,14.4
1886-11-01,0.6
1886-12-01,21.7
1887-01-01,17
1887-02-01,22
1887-03-01,7.1
1887-04-01,11.6
1887-05-01,33.4
1887-06-01,26.1
1887-07-01,38.9
1887-08-01,35.7
1887-09-01,12.4
1887-10-01,11
1887-11-01,11.5
1887-12-01,34.5
1888-01-01,21.2
1888-02-01,11.8
1888-03-01,13.1
1888-04-01,8.5
1888-05-01,11.7
1888-06-01,11.8
1888-07-01,5
1888-08-01,4.6
1888-09-01,14.6
1888-10-01,3.4
1888-11-01,17.9
1888-12-01,11.1
1889-01-01,1.3
1889-02-01,14.2
1889-03-01,11.1
1889-04-01,7.3
1889-05-01,4
1889-06-01,10.8
1889-07-01,15.8
1889-08-01,34.3
1889-09-01,10.9
1889-10-01,3.4
1889-11-01,0.3
1889-12-01,11.2
1890-01-01,8.8
1890-02-01,1.1
1890-03-01,8.5
1890-04-01,2.7
1890-05-01,7.9
1890-06-01,2.2
1890-07-01,19.3
1890-08-01,14.2
1890-09-01,28.6
1890-10-01,18.6
1890-11-01,15.9
1890-12-01,13.1
1891-01-01,22.5
1891-02-01,36.9
1891-03-01,17.2
1891-04-01,34.2
1891-05-01,68.5
1891-06-01,80.4
1891-07-01,98
1891-08-01,55.1
1891-09-01,89.7
1891-10-01,86
1891-11-01,69.8
1891-12-01,54.3
1892-01-01,115.2
1892-02-01,126.1
1892-03-01,83.3
1892-04-01,116
1892-05-01,132.7
1892-06-01,127.3
1892-07-01,127.6
1892-08-01,169
1892-09-01,104.7
1892-10-01,117.5
1892-11-01,108.9
1892-12-01,131
1893-01-01,125
1893-02-01,121.6
1893-03-01,109.5
1893-04-01,146.8
1893-05-01,141.3
1893-06-01,149.8
1893-07-01,147.6
1893-08-01,215.4
1893-09-01,129.9
1893-10-01,133.3
1893-11-01,125.2
1893-12-01,156.4
1894-01-01,138.6
1894-02-01,141
1894-03-01,87.1
1894-04-01,136
1894-05-01,168.7
1894-06-01,164.8
1894-07-01,176.7
1894-08-01,117.1
1894-09-01,110
1894-10-01,125.7
1894-11-01,94.3
1894-12-01,100.1
1895-01-01,105.4
1895-02-01,112
1895-03-01,101.6
1895-04-01,128.2
1895-05-01,112.5
1895-06-01,119.1
1895-07-01,79.7
1895-08-01,114.9
1895-09-01,96.1
1895-10-01,113.2
1895-11-01,78.6
1895-12-01,117.9
1896-01-01,48.4
1896-02-01,95.7
1896-03-01,86.5
1896-04-01,73
1896-05-01,46.1
1896-06-01,81.7
1896-07-01,75.2
1896-08-01,45.4
1896-09-01,102.2
1896-10-01,47.9
1896-11-01,63.3
1896-12-01,71
1897-01-01,67.6
1897-02-01,49
1897-03-01,48.7
1897-04-01,51.7
1897-05-01,33.3
1897-06-01,18.9
1897-07-01,46.1
1897-08-01,36.4
1897-09-01,80.4
1897-10-01,23.9
1897-11-01,14
1897-12-01,55.5
1898-01-01,50.4
1898-02-01,60.7
1898-03-01,63.9
1898-04-01,24.2
1898-05-01,43
1898-06-01,37.1
1898-07-01,15
1898-08-01,52.3
1898-09-01,58.1
1898-10-01,57.1
1898-11-01,51.6
1898-12-01,21.1
1899-01-01,32.4
1899-02-01,15.3
1899-03-01,30.3
1899-04-01,23.6
1899-05-01,12.9
1899-06-01,34.1
1899-07-01,22.5
1899-08-01,4.9
1899-09-01,14
1899-10-01,21.7
1899-11-01,13
1899-12-01,17.6
1900/1/1,15.7
1900/2/1,22.8
1900/3/1,14.4
1900/4/1,26.8
1900/5/1,25.3
1900/6/1,20.1
1900/7/1,13.9
1900/8/1,7.1
1900/9/1,13.9
1900/10/1,21.6
1900/11/1,7.5
1900/12/1,0.5
1901/1/1,0.4
1901/2/1,4
1901/3/1,7.4
1901/4/1,0
1901/5/1,17
1901/6/1,9.7
1901/7/1,1.2
1901/8/1,1.7
1901/9/1,0.9
1901/10/1,6.3
1901/11/1,6.4
1901/12/1,0
1902/1/1,9.3
1902/2/1,0
1902/3/1,20.7
1902/4/1,0
1902/5/1,4.7
1902/6/1,2.4
1902/7/1,1.5
1902/8/1,3.8
1902/9/1,12.6
1902/10/1,27.2
1902/11/1,17.2
1902/12/1,1.8
1903/1/1,13.9
1903/2/1,28.4
1903/3/1,22.5
1903/4/1,43.5
1903/5/1,24.3
1903/6/1,27.2
1903/7/1,46.4
1903/8/1,48
1903/9/1,18.5
1903/10/1,64.8
1903/11/1,74.2
1903/12/1,76.2
1904/1/1,52.6
1904/2/1,40.8
1904/3/1,61.9
1904/4/1,71.6
1904/5/1,65.7
1904/6/1,69.8
1904/7/1,84.3
1904/8/1,97.1
1904/9/1,50.2
1904/10/1,90.4
1904/11/1,63.4
1904/12/1,91.1
1905/1/1,91.2
1905/2/1,143
1905/3/1,94.3
1905/4/1,65.5
1905/5/1,79.9
1905/6/1,81.6
1905/7/1,121.6
1905/8/1,98.1
1905/9/1,91.8
1905/10/1,131.2
1905/11/1,178.7
1905/12/1,92.5
1906/1/1,75.8
1906/2/1,52.3
1906/3/1,107.4
1906/4/1,92.2
1906/5/1,96.2
1906/6/1,105.3
1906/7/1,172.7
1906/8/1,79.6
1906/9/1,93.5
1906/10/1,29.7
1906/11/1,64.8
1906/12/1,108
1907/1/1,127.4
1907/2/1,180.3
1907/3/1,101.1
1907/4/1,87.6
1907/5/1,71.4
1907/6/1,67.2
1907/7/1,82.9
1907/8/1,90.5
1907/9/1,141.7
1907/10/1,109.1
1907/11/1,102.5
1907/12/1,78.9
1908/1/1,65.4
1908/2/1,56.6
1908/3/1,47.9
1908/4/1,96.1
1908/5/1,68
1908/6/1,80.2
1908/7/1,65.8
1908/8/1,150.9
1908/9/1,144.9
1908/10/1,53.9
1908/11/1,75.9
1908/12/1,65.9
1909/1/1,94.6
1909/2/1,77.6
1909/3/1,110.5
1909/4/1,53.7
1909/5/1,60
1909/6/1,37.8
1909/7/1,59.6
1909/8/1,38.5
1909/9/1,64.7
1909/10/1,97.4
1909/11/1,93
1909/12/1,90.2
1910/1/1,44
1910/2/1,52.5
1910/3/1,35.7
1910/4/1,14.1
1910/5/1,36.9
1910/6/1,20.5
1910/7/1,23.5
1910/8/1,19.3
1910/9/1,43.7
1910/10/1,63.9
1910/11/1,8.3
1910/12/1,9.6
1911/1/1,5.6
1911/2/1,15
1911/3/1,13
1911/4/1,27.6
1911/5/1,15.1
1911/6/1,3.7
1911/7/1,5.9
1911/8/1,6.7
1911/9/1,6.7
1911/10/1,4.5
1911/11/1,7
1911/12/1,3.7
1912/1/1,0.4
1912/2/1,0
1912/3/1,8.2
1912/4/1,7.6
1912/5/1,7.4
1912/6/1,6.9
1912/7/1,4.9
1912/8/1,0.5
1912/9/1,15.9
1912/10/1,7.6
1912/11/1,1.9
1912/12/1,10.6
1913/1/1,3.8
1913/2/1,4.8
1913/3/1,0.8
1913/4/1,1.6
1913/5/1,0
1913/6/1,0
1913/7/1,2.9
1913/8/1,0.4
1913/9/1,2
1913/10/1,5.2
1913/11/1,1.2
1913/12/1,6.3
1914/1/1,4.7
1914/2/1,4.4
1914/3/1,5.3
1914/4/1,28.9
1914/5/1,8.7
1914/6/1,19.1
1914/7/1,9.1
1914/8/1,12.9
1914/9/1,21.2
1914/10/1,13.7
1914/11/1,27.3
1914/12/1,37.3
1915/1/1,38.5
1915/2/1,70.4
1915/3/1,64.8
1915/4/1,68.9
1915/5/1,55.1
1915/6/1,114.7
1915/7/1,119.4
1915/8/1,116
1915/9/1,82.4
1915/10/1,89.1
1915/11/1,70.9
1915/12/1,57.5
1916/1/1,75.5
1916/2/1,92.4
1916/3/1,111.7
1916/4/1,119.8
1916/5/1,124
1916/6/1,112.9
1916/7/1,89.3
1916/8/1,58.6
1916/9/1,75.1
1916/10/1,84.5
1916/11/1,109.5
1916/12/1,88.3
1917/1/1,124.5
1917/2/1,119.9
1917/3/1,158
1917/4/1,124.6
1917/5/1,190.2
1917/6/1,191.4
1917/7/1,199.7
1917/8/1,257.7
1917/9/1,215.6
1917/10/1,120.3
1917/11/1,160.7
1917/12/1,215.5
1918/1/1,160
1918/2/1,108.7
1918/3/1,120.4
1918/4/1,134.1
1918/5/1,127.9
1918/6/1,99
1918/7/1,179.5
1918/8/1,169.6
1918/9/1,133.2
1918/10/1,141.7
1918/11/1,139
1918/12/1,98.5
1919/1/1,80.2
1919/2/1,132.5
1919/3/1,110.9
1919/4/1,86.3
1919/5/1,146.9
1919/6/1,185.3
1919/7/1,107.8
1919/8/1,115.1
1919/9/1,91.1
1919/10/1,88
1919/11/1,69.9
1919/12/1,58
1920/1/1,85.3
1920/2/1,89.8
1920/3/1,116.9
1920/4/1,24.7
1920/5/1,55.4
1920/6/1,64.6
1920/7/1,45.7
1920/8/1,31.9
1920/9/1,60.5
1920/10/1,82.7
1920/11/1,45.3
1920/12/1,49.8
1921/1/1,52.5
1921/2/1,47.1
1921/3/1,44.5
1921/4/1,54
1921/5/1,37
1921/6/1,56.2
1921/7/1,69.7
1921/8/1,38
1921/9/1,29.6
1921/10/1,30.3
1921/11/1,29.6
1921/12/1,33.9
1922/1/1,19.7
1922/2/1,43.9
1922/3/1,91.3
1922/4/1,18.3
1922/5/1,13.4
1922/6/1,9.8
1922/7/1,18.3
1922/8/1,10.9
1922/9/1,7.8
1922/10/1,10.4
1922/11/1,12.2
1922/12/1,29
1923/1/1,7.5
1923/2/1,2.5
1923/3/1,5.5
1923/4/1,10.2
1923/5/1,5.3
1923/6/1,15.3
1923/7/1,5.9
1923/8/1,0.8
1923/9/1,22.1
1923/10/1,19.5
1923/11/1,16.7
1923/12/1,4.6
1924/1/1,0.8
1924/2/1,8.5
1924/3/1,3
1924/4/1,18.9
1924/5/1,34.6
1924/6/1,40
1924/7/1,46.9
1924/8/1,32.1
1924/9/1,41.9
1924/10/1,42.6
1924/11/1,37.5
1924/12/1,27.5
1925/1/1,9.1
1925/2/1,38.6
1925/3/1,30
1925/4/1,53
1925/5/1,71.4
1925/6/1,79.1
1925/7/1,64.2
1925/8/1,63.3
1925/9/1,100.3
1925/10/1,115.3
1925/11/1,97.6
1925/12/1,164.4
1926/1/1,119.7
1926/2/1,116.4
1926/3/1,104.2
1926/4/1,64.2
1926/5/1,107
1926/6/1,122.4
1926/7/1,87.2
1926/8/1,102.7
1926/9/1,101.4
1926/10/1,119.3
1926/11/1,100.8
1926/12/1,132.4
1927/1/1,136
1927/2/1,155.1
1927/3/1,116.1
1927/4/1,155.8
1927/5/1,131.9
1927/6/1,98.5
1927/7/1,91.6
1927/8/1,89.6
1927/9/1,114.1
1927/10/1,105.2
1927/11/1,112.1
1927/12/1,75.3
1928/1/1,139.2
1928/2/1,122.4
1928/3/1,142.4
1928/4/1,134.3
1928/5/1,128.3
1928/6/1,152.4
1928/7/1,163.4
1928/8/1,139.6
1928/9/1,149.6
1928/10/1,102.3
1928/11/1,83.9
1928/12/1,98.3
1929/1/1,114.8
1929/2/1,104.7
1929/3/1,83.8
1929/4/1,87.9
1929/5/1,97
1929/6/1,119.9
1929/7/1,117.1
1929/8/1,109.6
1929/9/1,57.3
1929/10/1,90.1
1929/11/1,135.1
1929/12/1,179.9
1930/1/1,108.8
1930/2/1,83.1
1930/3/1,58.4
1930/4/1,63.7
1930/5/1,61.4
1930/6/1,48
1930/7/1,36.5
1930/8/1,41.5
1930/9/1,53.5
1930/10/1,57.2
1930/11/1,59.4
1930/12/1,43
1931/1/1,24.4
1931/2/1,71.8
1931/3/1,50.1
1931/4/1,52
1931/5/1,40.8
1931/6/1,25.5
1931/7/1,29
1931/8/1,21.6
1931/9/1,31.7
1931/10/1,16.6
1931/11/1,31.2
1931/12/1,29.7
1932/1/1,20.1
1932/2/1,17.6
1932/3/1,18.8
1932/4/1,18.7
1932/5/1,29.7
1932/6/1,36.9
1932/7/1,16
1932/8/1,11.3
1932/9/1,6.6
1932/10/1,14.8
1932/11/1,13.7
1932/12/1,18.5
1933/1/1,20.4
1933/2/1,36.9
1933/3/1,16.8
1933/4/1,4.9
1933/5/1,5.3
1933/6/1,8.7
1933/7/1,4.7
1933/8/1,0.4
1933/9/1,8.5
1933/10/1,5
1933/11/1,1
1933/12/1,0.4
1934/1/1,5.7
1934/2/1,12.9
1934/3/1,7.2
1934/4/1,18.8
1934/5/1,32.9
1934/6/1,11.2
1934/7/1,15.3
1934/8/1,13.9
1934/9/1,6.7
1934/10/1,9.5
1934/11/1,14.5
1934/12/1,25.7
1935/1/1,31.1
1935/2/1,34.1
1935/3/1,38.5
1935/4/1,20.4
1935/5/1,45.4
1935/6/1,76.2
1935/7/1,56.5
1935/8/1,50.2
1935/9/1,70.1
1935/10/1,88.7
1935/11/1,107
1935/12/1,102.5
1936/1/1,104.7
1936/2/1,123.9
1936/3/1,128.4
1936/4/1,124.8
1936/5/1,90.9
1936/6/1,116.7
1936/7/1,87.2
1936/8/1,145
1936/9/1,126.7
1936/10/1,148.2
1936/11/1,192.3
1936/12/1,205.6
1937/1/1,220.9
1937/2/1,214.1
1937/3/1,139.7
1937/4/1,182.2
1937/5/1,194.4
1937/6/1,217.1
1937/7/1,241.8
1937/8/1,229.5
1937/9/1,167.9
1937/10/1,208.2
1937/11/1,123.9
1937/12/1,147.9
1938/1/1,164
1938/2/1,198.6
1938/3/1,144.2
1938/4/1,168.4
1938/5/1,212.3
1938/6/1,162.6
1938/7/1,275.6
1938/8/1,192.8
1938/9/1,149.3
1938/10/1,165.3
1938/11/1,203.6
1938/12/1,154.7
1939/1/1,133.9
1939/2/1,129
1939/3/1,107.8
1939/4/1,181.9
1939/5/1,197.3
1939/6/1,168.3
1939/7/1,162.6
1939/8/1,176.3
1939/9/1,187.7
1939/10/1,146.9
1939/11/1,113.7
1939/12/1,70.2
1940/1/1,84.1
1940/2/1,99.1
1940/3/1,138.9
1940/4/1,101.1
1940/5/1,90.6
1940/6/1,139.8
1940/7/1,112.5
1940/8/1,175.9
1940/9/1,110.8
1940/10/1,91.5
1940/11/1,97.4
1940/12/1,113.8
1941/1/1,76.1
1941/2/1,74.3
1941/3/1,77.5
1941/4/1,54.6
1941/5/1,49
1941/6/1,99.6
1941/7/1,111.4
1941/8/1,100.1
1941/9/1,109.8
1941/10/1,77.2
1941/11/1,64
1941/12/1,56.2
1942/1/1,59.5
1942/2/1,87.9
1942/3/1,90.4
1942/4/1,101.2
1942/5/1,41.8
1942/6/1,18.9
1942/7/1,29.6
1942/8/1,33.7
1942/9/1,28.7
1942/10/1,32
1942/11/1,51.3
1942/12/1,37.6
1943/1/1,20.7
1943/2/1,48.1
1943/3/1,45.7
1943/4/1,43.5
1943/5/1,23.6
1943/6/1,12.7
1943/7/1,22
1943/8/1,32.3
1943/9/1,16.7
1943/10/1,13
1943/11/1,17
1943/12/1,31.4
1944/1/1,6.1
1944/2/1,0.8
1944/3/1,18.3
1944/4/1,0.4
1944/5/1,4.1
1944/6/1,8.2
1944/7/1,8.5
1944/8/1,27.9
1944/9/1,23.7
1944/10/1,28.1
1944/11/1,17.9
1944/12/1,47.4
1945/1/1,30.8
1945/2/1,21.2
1945/3/1,35.9
1945/4/1,53.4
1945/5/1,51
1945/6/1,60.2
1945/7/1,71
1945/8/1,43.1
1945/9/1,58.1
1945/10/1,114.5
1945/11/1,76.6
1945/12/1,45.7
1946/1/1,79.3
1946/2/1,143.8
1946/3/1,127.7
1946/4/1,126.1
1946/5/1,141.6
1946/6/1,122.6
1946/7/1,193.7
1946/8/1,178.7
1946/9/1,157.4
1946/10/1,170.5
1946/11/1,206.3
1946/12/1,202.9
1947/1/1,163.7
1947/2/1,188.9
1947/3/1,183.8
1947/4/1,212.1
1947/5/1,285
1947/6/1,232.1
1947/7/1,223.5
1947/8/1,267.4
1947/9/1,239.9
1947/10/1,231.7
1947/11/1,181.3
1947/12/1,164.9
1948/1/1,153.6
1948/2/1,122
1948/3/1,134.3
1948/4/1,268.5
1948/5/1,246.4
1948/6/1,237.5
1948/7/1,201.4
1948/8/1,223.7
1948/9/1,202.9
1948/10/1,192.9
1948/11/1,135.6
1948/12/1,195.3
1949/1/1,168.6
1949/2/1,258
1949/3/1,223
1949/4/1,208.1
1949/5/1,150.4
1949/6/1,172.4
1949/7/1,178.3
1949/8/1,175.3
1949/9/1,205.8
1949/10/1,186.3
1949/11/1,203.2
1949/12/1,166.6
1950/1/1,143.9
1950/2/1,134.3
1950/3/1,155.4
1950/4/1,160.6
1950/5/1,150.5
1950/6/1,118.3
1950/7/1,128.9
1950/8/1,120.6
1950/9/1,72.7
1950/10/1,87
1950/11/1,77.7
1950/12/1,76.7
1951/1/1,85
1951/2/1,84.8
1951/3/1,79.3
1951/4/1,131.7
1951/5/1,153.7
1951/6/1,142.4
1951/7/1,87.2
1951/8/1,86.5
1951/9/1,117.7
1951/10/1,73.3
1951/11/1,74.2
1951/12/1,65
1952/1/1,57.9
1952/2/1,32.4
1952/3/1,31.5
1952/4/1,41.7
1952/5/1,33.6
1952/6/1,52
1952/7/1,56.1
1952/8/1,77.8
1952/9/1,40.4
1952/10/1,34.2
1952/11/1,31.8
1952/12/1,48.9
1953/1/1,37.9
1953/2/1,5.9
1953/3/1,14.7
1953/4/1,39.6
1953/5/1,18.3
1953/6/1,31.5
1953/7/1,12.7
1953/8/1,33.6
1953/9/1,28
1953/10/1,12.3
1953/11/1,2.5
1953/12/1,3.9
1954/1/1,0.4
1954/2/1,0.8
1954/3/1,15.8
1954/4/1,2.7
1954/5/1,1.2
1954/6/1,0.4
1954/7/1,7.3
1954/8/1,12.6
1954/9/1,2.3
1954/10/1,10.5
1954/11/1,13.4
1954/12/1,11.3
1955/1/1,33.4
1955/2/1,29.9
1955/3/1,7.3
1955/4/1,16.4
1955/5/1,41.3
1955/6/1,45.2
1955/7/1,38.2
1955/8/1,58
1955/9/1,60.8
1955/10/1,83
1955/11/1,126.3
1955/12/1,108.8
1956/1/1,104.1
1956/2/1,175.6
1956/3/1,167.7
1956/4/1,156.7
1956/5/1,193.4
1956/6/1,165.1
1956/7/1,182.7
1956/8/1,240.2
1956/9/1,245.4
1956/10/1,219.9
1956/11/1,285
1956/12/1,272
1957/1/1,233.7
1957/2/1,184.5
1957/3/1,222.8
1957/4/1,248
1957/5/1,233
1957/6/1,284.3
1957/7/1,265.1
1957/8/1,223.7
1957/9/1,334
1957/10/1,359.4
1957/11/1,298.6
1957/12/1,339
1958/1/1,286.7
1958/2/1,233.6
1958/3/1,270
1958/4/1,277.6
1958/5/1,248.2
1958/6/1,242.9
1958/7/1,271
1958/8/1,283.5
1958/9/1,285.1
1958/10/1,256.9
1958/11/1,215.6
1958/12/1,265.7
1959/1/1,307.7
1959/2/1,202.6
1959/3/1,263
1959/4/1,231.3
1959/5/1,243.6
1959/6/1,238.9
1959/7/1,211.9
1959/8/1,282.6
1959/9/1,205.6
1959/10/1,157.7
1959/11/1,175.6
1959/12/1,177.1
1960/1/1,207.2
1960/2/1,149.9
1960/3/1,144.6
1960/4/1,172.7
1960/5/1,169.3
1960/6/1,156
1960/7/1,172.4
1960/8/1,190
1960/9/1,180.1
1960/10/1,117.3
1960/11/1,126.9
1960/12/1,121.2
1961/1/1,82.1
1961/2/1,65.4
1961/3/1,75.2
1961/4/1,86.9
1961/5/1,72.3
1961/6/1,109.5
1961/7/1,99.3
1961/8/1,79.2
1961/9/1,90.1
1961/10/1,53.7
1961/11/1,46.5
1961/12/1,56.9
1962/1/1,55.1
1962/2/1,71.7
1962/3/1,64.9
1962/4/1,65.9
1962/5/1,61.9
1962/6/1,59.6
1962/7/1,31.4
1962/8/1,31.5
1962/9/1,72.7
1962/10/1,56.1
1962/11/1,38.8
1962/12/1,33.2
1963/1/1,28.7
1963/2/1,35.2
1963/3/1,24.8
1963/4/1,41.7
1963/5/1,61.1
1963/6/1,51.2
1963/7/1,28.7
1963/8/1,47.5
1963/9/1,55.2
1963/10/1,50.1
1963/11/1,33.7
1963/12/1,21.6
1964/1/1,22.6
1964/2/1,25.3
1964/3/1,24.1
1964/4/1,12.9
1964/5/1,14.3
1964/6/1,13.5
1964/7/1,4.8
1964/8/1,13.8
1964/9/1,7
1964/10/1,9.2
1964/11/1,11.1
1964/12/1,22.1
1965/1/1,25.4
1965/2/1,20.8
1965/3/1,17.5
1965/4/1,10.2
1965/5/1,34.5
1965/6/1,23.3
1965/7/1,17.3
1965/8/1,13.3
1965/9/1,24.5
1965/10/1,29.1
1965/11/1,22.8
1965/12/1,24.7
1966/1/1,40.3
1966/2/1,35.3
1966/3/1,36.4
1966/4/1,69
1966/5/1,64.2
1966/6/1,67.7
1966/7/1,80.2
1966/8/1,72.6
1966/9/1,71.1
1966/10/1,81.2
1966/11/1,81
1966/12/1,99.8
1967/1/1,157
1967/2/1,132.6
1967/3/1,158.3
1967/4/1,98.4
1967/5/1,122.5
1967/6/1,95.4
1967/7/1,129.5
1967/8/1,151.8
1967/9/1,108.7
1967/10/1,125
1967/11/1,133.6
1967/12/1,179
1968/1/1,172.5
1968/2/1,158.5
1968/3/1,130.5
1968/4/1,115
1968/5/1,180
1968/6/1,156.2
1968/7/1,136.2
1968/8/1,154.8
1968/9/1,166
1968/10/1,152.5
1968/11/1,121.7
1968/12/1,155.5
1969/1/1,147.8
1969/2/1,170.5
1969/3/1,192.3
1969/4/1,151.1
1969/5/1,169.9
1969/6/1,150.1
1969/7/1,137.1
1969/8/1,138.8
1969/9/1,129.3
1969/10/1,135.4
1969/11/1,132.4
1969/12/1,138.6
1970/1/1,157.9
1970/2/1,180.8
1970/3/1,145.7
1970/4/1,155.1
1970/5/1,180.5
1970/6/1,151.3
1970/7/1,159.3
1970/8/1,131.7
1970/9/1,140.8
1970/10/1,122.6
1970/11/1,134.8
1970/12/1,118.2
1971/1/1,129.2
1971/2/1,111.8
1971/3/1,85.9
1971/4/1,101.6
1971/5/1,81.5
1971/6/1,70.7
1971/7/1,114.7
1971/8/1,87
1971/9/1,71.3
1971/10/1,73.4
1971/11/1,89.5
1971/12/1,116.5
1972/1/1,87
1972/2/1,125.3
1972/3/1,113.5
1972/4/1,89.6
1972/5/1,113.9
1972/6/1,124.7
1972/7/1,108.3
1972/8/1,108.9
1972/9/1,90.7
1972/10/1,86.9
1972/11/1,59.2
1972/12/1,64.3
1973/1/1,61.8
1973/2/1,60.9
1973/3/1,65.4
1973/4/1,81.8
1973/5/1,60.3
1973/6/1,56.1
1973/7/1,33.2
1973/8/1,36.6
1973/9/1,84.1
1973/10/1,43.7
1973/11/1,34.3
1973/12/1,33.3
1974/1/1,39.4
1974/2/1,37.3
1974/3/1,30.9
1974/4/1,57.5
1974/5/1,56.3
1974/6/1,51.5
1974/7/1,79.1
1974/8/1,47.9
1974/9/1,57.2
1974/10/1,67.2
1974/11/1,35.9
1974/12/1,29.6
1975/1/1,27.3
1975/2/1,16.7
1975/3/1,16.9
1975/4/1,7.7
1975/5/1,13.1
1975/6/1,16.7
1975/7/1,40.4
1975/8/1,56.7
1975/9/1,20.3
1975/10/1,13.6
1975/11/1,27.9
1975/12/1,11.6
1976/1/1,11.9
1976/2/1,6.4
1976/3/1,31.5
1976/4/1,27.3
1976/5/1,18.2
1976/6/1,17.9
1976/7/1,2.9
1976/8/1,24.1
1976/9/1,20
1976/10/1,29.7
1976/11/1,7.9
1976/12/1,22.3
1977/1/1,23.8
1977/2/1,33.3
1977/3/1,13
1977/4/1,19
1977/5/1,27
1977/6/1,54.9
1977/7/1,30.6
1977/8/1,43
1977/9/1,62.4
1977/10/1,62.1
1977/11/1,41.6
1977/12/1,61.4
1978/1/1,73.7
1978/2/1,132.6
1978/3/1,108.4
1978/4/1,141.2
1978/5/1,117.1
1978/6/1,134.6
1978/7/1,99.7
1978/8/1,82.4
1978/9/1,195.7
1978/10/1,177.1
1978/11/1,138.5
1978/12/1,173.9
1979/1/1,235.9
1979/2/1,194.7
1979/3/1,195.3
1979/4/1,143.7
1979/5/1,190.3
1979/6/1,211.7
1979/7/1,225.7
1979/8/1,201.4
1979/9/1,266.9
1979/10/1,263.6
1979/11/1,259.5
1979/12/1,249.6
1980/1/1,226.1
1980/2/1,219.4
1980/3/1,178.7
1980/4/1,232.2
1980/5/1,254.7
1980/6/1,222.7
1980/7/1,192.9
1980/8/1,191.7
1980/9/1,219.6
1980/10/1,233.3
1980/11/1,209.5
1980/12/1,246.9
1981/1/1,156.6
1981/2/1,189.9
1981/3/1,196.6
1981/4/1,225.3
1981/5/1,194.7
1981/6/1,131.6
1981/7/1,205.3
1981/8/1,242.5
1981/9/1,245.3
1981/10/1,216.2
1981/11/1,186
1981/12/1,195.4
1982/1/1,149.8
1982/2/1,230.9
1982/3/1,221.1
1982/4/1,170.3
1982/5/1,119.3
1982/6/1,163.7
1982/7/1,139.4
1982/8/1,161.9
1982/9/1,167.4
1982/10/1,134.3
1982/11/1,127.5
1982/12/1,169
1983/1/1,115.5
1983/2/1,73.1
1983/3/1,88.7
1983/4/1,109.6
1983/5/1,132.5
1983/6/1,131.5
1983/7/1,108.9
1983/8/1,96
1983/9/1,69.9
1983/10/1,72.5
1983/11/1,45.7
1983/12/1,45.6
1984/1/1,74.8
1984/2/1,110.2
1984/3/1,116.7
1984/4/1,90.4
1984/5/1,96.9
1984/6/1,65.1
1984/7/1,55.7
1984/8/1,35
1984/9/1,22.6
1984/10/1,12.6
1984/11/1,26.5
1984/12/1,21.4
1985/1/1,17.8
1985/2/1,20.7
1985/3/1,16.9
1985/4/1,20.4
1985/5/1,32.4
1985/6/1,28.3
1985/7/1,39.9
1985/8/1,10.1
1985/9/1,4.3
1985/10/1,22
1985/11/1,17.9
1985/12/1,15.8
1986/1/1,2.8
1986/2/1,27.9
1986/3/1,13.8
1986/4/1,22.4
1986/5/1,16.1
1986/6/1,0.6
1986/7/1,18.1
1986/8/1,9.9
1986/9/1,5.1
1986/10/1,40.1
1986/11/1,15.4
1986/12/1,5.8
1987/1/1,9.8
1987/2/1,3.4
1987/3/1,17.4
1987/4/1,46
1987/5/1,39.1
1987/6/1,18.8
1987/7/1,38.2
1987/8/1,47.9
1987/9/1,42.2
1987/10/1,63.4
1987/11/1,48.8
1987/12/1,29.1
1988/1/1,70.5
1988/2/1,45.4
1988/3/1,91.2
1988/4/1,108.8
1988/5/1,74.2
1988/6/1,124.3
1988/7/1,131.4
1988/8/1,139.4
1988/9/1,142.7
1988/10/1,156.5
1988/11/1,156.8
1988/12/1,231.2
1989/1/1,210.1
1989/2/1,208.7
1989/3/1,170.4
1989/4/1,166.3
1989/5/1,195.4
1989/6/1,284.5
1989/7/1,180.5
1989/8/1,232
1989/9/1,225.1
1989/10/1,212.2
1989/11/1,238.2
1989/12/1,211.4
1990/1/1,227.4
1990/2/1,171.8
1990/3/1,191.7
1990/4/1,189.7
1990/5/1,175.2
1990/6/1,153.3
1990/7/1,191.1
1990/8/1,252.1
1990/9/1,169.1
1990/10/1,199.4
1990/11/1,178.8
1990/12/1,197.1
1991/1/1,195.3
1991/2/1,240.3
1991/3/1,197
1991/4/1,197.6
1991/5/1,166.9
1991/6/1,224.7
1991/7/1,240.2
1991/8/1,240.8
1991/9/1,168.9
1991/10/1,197.1
1991/11/1,159.5
1991/12/1,212.6
1992/1/1,198.3
1992/2/1,230.7
1992/3/1,151
1992/4/1,142.2
1992/5/1,94.3
1992/6/1,98.5
1992/7/1,114.2
1992/8/1,91.9
1992/9/1,94
1992/10/1,133.4
1992/11/1,129.6
1992/12/1,122
1993/1/1,81.4
1993/2/1,127.8
1993/3/1,102.4
1993/4/1,94.4
1993/5/1,78.8
1993/6/1,69.6
1993/7/1,80.4
1993/8/1,62.5
1993/9/1,31.2
1993/10/1,71.1
1993/11/1,48.2
1993/12/1,68.4
1994/1/1,84.9
1994/2/1,54.9
1994/3/1,47.5
1994/4/1,27.4
1994/5/1,29.8
1994/6/1,39.7
1994/7/1,50.6
1994/8/1,34.3
1994/9/1,40.5
1994/10/1,67.1
1994/11/1,29.5
1994/12/1,32.2
1995/1/1,32.6
1995/2/1,45.8
1995/3/1,46.3
1995/4/1,21.6
1995/5/1,19.4
1995/6/1,22.5
1995/7/1,20.4
1995/8/1,18.2
1995/9/1,15.7
1995/10/1,30.6
1995/11/1,14
1995/12/1,14.9
1996/1/1,13.3
1996/2/1,7.7
1996/3/1,12.6
1996/4/1,6.8
1996/5/1,7.6
1996/6/1,16.5
1996/7/1,11.8
1996/8/1,19.7
1996/9/1,3
1996/10/1,0.7
1996/11/1,24.9
1996/12/1,14
1997/1/1,7.4
1997/2/1,11
1997/3/1,12.1
1997/4/1,23
1997/5/1,25.4
1997/6/1,20.8
1997/7/1,12.9
1997/8/1,35.7
1997/9/1,59.7
1997/10/1,32.8
1997/11/1,50.4
1997/12/1,55.5
1998/1/1,44.5
1998/2/1,50.2
1998/3/1,82
1998/4/1,70.6
1998/5/1,74
1998/6/1,90.5
1998/7/1,96.7
1998/8/1,121.1
1998/9/1,132
1998/10/1,78.5
1998/11/1,97.3
1998/12/1,119.2
1999/1/1,86
1999/2/1,98
1999/3/1,103.5
1999/4/1,93.6
1999/5/1,149.6
1999/6/1,207.2
1999/7/1,173.5
1999/8/1,142.3
1999/9/1,106.3
1999/10/1,168.7
1999/11/1,188.3
1999/12/1,116.8
2000/1/1,133.1
2000/2/1,165.7
2000/3/1,217.7
2000/4/1,191.5
2000/5/1,165.9
2000/6/1,188
2000/7/1,244.3
2000/8/1,180.5
2000/9/1,156
2000/10/1,141.6
2000/11/1,158.1
2000/12/1,143.3
2001/1/1,142.6
2001/2/1,121.5
2001/3/1,165.8
2001/4/1,161.7
2001/5/1,142.1
2001/6/1,202.9
2001/7/1,123
2001/8/1,161.5
2001/9/1,238.2
2001/10/1,194.1
2001/11/1,176.6
2001/12/1,213.4
2002/1/1,184.6
2002/2/1,170.2
2002/3/1,147.1
2002/4/1,186.9
2002/5/1,187.5
2002/6/1,128.8
2002/7/1,161
2002/8/1,175.6
2002/9/1,187.9
2002/10/1,151.2
2002/11/1,147.2
2002/12/1,135.3
2003/1/1,133.5
2003/2/1,75.7
2003/3/1,100.7
2003/4/1,97.9
2003/5/1,86.8
2003/6/1,118.7
2003/7/1,128.3
2003/8/1,115.4
2003/9/1,78.5
2003/10/1,97.8
2003/11/1,82.9
2003/12/1,72.2
2004/1/1,60.6
2004/2/1,74.6
2004/3/1,74.8
2004/4/1,59.2
2004/5/1,72.8
2004/6/1,66.5
2004/7/1,83.8
2004/8/1,69.7
2004/9/1,48.8
2004/10/1,74.2
2004/11/1,70.1
2004/12/1,28.9
2005/1/1,48.1
2005/2/1,43.5
2005/3/1,39.6
2005/4/1,38.7
2005/5/1,61.9
2005/6/1,56.8
2005/7/1,62.4
2005/8/1,60.5
2005/9/1,37.2
2005/10/1,13.2
2005/11/1,27.5
2005/12/1,59.3
2006/1/1,20.9
2006/2/1,5.7
2006/3/1,17.3
2006/4/1,50.3
2006/5/1,37.2
2006/6/1,24.5
2006/7/1,22.2
2006/8/1,20.8
2006/9/1,23.7
2006/10/1,14.9
2006/11/1,35.7
2006/12/1,22.3
2007/1/1,29.3
2007/2/1,18.4
2007/3/1,7.2
2007/4/1,5.4
2007/5/1,19.5
2007/6/1,21.3
2007/7/1,15.1
2007/8/1,9.8
2007/9/1,4
2007/10/1,1.5
2007/11/1,2.8
2007/12/1,17.3
2008/1/1,4.1
2008/2/1,2.9
2008/3/1,15.5
2008/4/1,3.6
2008/5/1,4.6
2008/6/1,5.2
2008/7/1,0.6
2008/8/1,0.3
2008/9/1,1.2
2008/10/1,4.2
2008/11/1,6.6
2008/12/1,1
2009/1/1,1.3
2009/2/1,1.2
2009/3/1,0.6
2009/4/1,1.2
2009/5/1,2.9
2009/6/1,6.3
2009/7/1,5.5
2009/8/1,0
2009/9/1,7.1
2009/10/1,7.7
2009/11/1,6.9
2009/12/1,16.3
2010/1/1,19.5
2010/2/1,28.5
2010/3/1,24
2010/4/1,10.4
2010/5/1,13.9
2010/6/1,18.8
2010/7/1,25.2
2010/8/1,29.6
2010/9/1,36.4
2010/10/1,33.6
2010/11/1,34.4
2010/12/1,24.5
2011/1/1,27.3
2011/2/1,48.3
2011/3/1,78.6
2011/4/1,76.1
2011/5/1,58.2
2011/6/1,56.1
2011/7/1,64.5
2011/8/1,65.8
2011/9/1,120.1
2011/10/1,125.7
2011/11/1,139.1
2011/12/1,109.3
2012/1/1,94.4
2012/2/1,47.8
2012/3/1,86.6
2012/4/1,85.9
2012/5/1,96.5
2012/6/1,92
2012/7/1,100.1
2012/8/1,94.8
2012/9/1,93.7
2012/10/1,76.5
2012/11/1,87.6
2012/12/1,56.8
2013/1/1,96.1
2013/2/1,60.9
2013/3/1,78.3
2013/4/1,107.3
2013/5/1,120.2
2013/6/1,76.7
2013/7/1,86.2
2013/8/1,91.8
2013/9/1,54.5
2013/10/1,114.4
2013/11/1,113.9
2013/12/1,124.2
2014/1/1,117
2014/2/1,146.1
2014/3/1,128.7
2014/4/1,112.5
2014/5/1,112.5
2014/6/1,102.9
2014/7/1,100.2
2014/8/1,106.9
2014/9/1,130
2014/10/1,90
2014/11/1,103.6
2014/12/1,112.9
2015/1/1,93
2015/2/1,66.7
2015/3/1,54.5
2015/4/1,75.3
2015/5/1,88.8
2015/6/1,66.5
2015/7/1,65.8
2015/8/1,64.4
2015/9/1,78.6
2015/10/1,63.6
2015/11/1,62.2
2015/12/1,58
2016/1/1,57
2016/2/1,56.4
2016/3/1,54.1
2016/4/1,37.9
2016/5/1,51.5
2016/6/1,20.5
2016/7/1,32.4
2016/8/1,50.2
2016/9/1,44.6
2016/10/1,33.4
2016/11/1,21.4
2016/12/1,18.5
2017/1/1,26.1
2017/2/1,26.4
2017/3/1,17.7
2017/4/1,32.3
2017/5/1,18.9
2017/6/1,19.2
2017/7/1,17.8
2017/8/1,32.6
2017/9/1,43.7
2017/10/1,13.2
2017/11/1,5.7
2017/12/1,8.2
2018/1/1,6.8
2018/2/1,10.7
2018/3/1,2.5
2018/4/1,8.9
2018/5/1,13.1
2018/6/1,15.6
2018/7/1,1.6
2018/8/1,8.7
2018/9/1,3.3
2018/10/1,4.9
2018/11/1,4.9
2018/12/1,3.1
2019/1/1,7.7
2019/2/1,0.8
2019/3/1,9.4
2019/4/1,9.1
2019/5/1,9.9
2019/6/1,1.2
2019/7/1,0.9
2019/8/1,0.5
2019/9/1,1.1
2019/10/1,0.4
2019/11/1,0.5
2019/12/1,1.5
